stage,count,notes
records_identified_databases,3,repository-aligned smoke sample
duplicates_removed,0,repository-aligned smoke sample
records_screened_title_abstract,3,repository-aligned smoke sample
records_excluded_title_abstract,1,repository-aligned smoke sample
reports_sought_for_retrieval,2,repository-aligned smoke sample
reports_not_retrieved,0,repository-aligned smoke sample
reports_assessed_full_text,2,repository-aligned smoke sample
reports_excluded_full_text,0,repository-aligned smoke sample
studies_included_qualitative_synthesis,2,repository-aligned smoke sample
